BE Number,Status,Date,PWO,
SBH010436,BER,2017-08-01,PWO293800,"insert into ppm_completion_table (asset_number , newPwonumber,oldpwonumber,state ,completiondate ,updated) select  'SBH010436' ,'PWO293800' , 'BER' , 'SBH010436' , '2017-08-01','No'"
SBH010456,BER,2017-08-01,PWO262711,"insert into ppm_completion_table (asset_number , newPwonumber,oldpwonumber,state ,completiondate ,updated) select  'SBH010456' ,'PWO262711' , 'BER' , 'SBH010456' , '2017-08-01','No'"
SBH010518,BER,2017-08-01,,"insert into ppm_completion_table (asset_number , newPwonumber,oldpwonumber,state ,completiondate ,updated) select  'SBH010518' ,'' , 'BER' , 'SBH010518' , '2017-08-01','No'"
SBH010615,BER,2017-08-01,,"insert into ppm_completion_table (asset_number , newPwonumber,oldpwonumber,state ,completiondate ,updated) select  'SBH010615' ,'' , 'BER' , 'SBH010615' , '2017-08-01','No'"
SBH010656,BER,2017-08-01,PWO259947,"insert into ppm_completion_table (asset_number , newPwonumber,oldpwonumber,state ,completiondate ,updated) select  'SBH010656' ,'PWO259947' , 'BER' , 'SBH010656' , '2017-08-01','No'"
SBH010902,BER,2017-08-01,PWO294023,"insert into ppm_completion_table (asset_number , newPwonumber,oldpwonumber,state ,completiondate ,updated) select  'SBH010902' ,'PWO294023' , 'BER' , 'SBH010902' , '2017-08-01','No'"
SBH012056,BER,2017-08-01,PWO263264,"insert into ppm_completion_table (asset_number , newPwonumber,oldpwonumber,state ,completiondate ,updated) select  'SBH012056' ,'PWO263264' , 'BER' , 'SBH012056' , '2017-08-01','No'"
SBH012892,BER,2017-08-01,PWO293887,"insert into ppm_completion_table (asset_number , newPwonumber,oldpwonumber,state ,completiondate ,updated) select  'SBH012892' ,'PWO293887' , 'BER' , 'SBH012892' , '2017-08-01','No'"
SBH012909,BER,2017-08-01,,"insert into ppm_completion_table (asset_number , newPwonumber,oldpwonumber,state ,completiondate ,updated) select  'SBH012909' ,'' , 'BER' , 'SBH012909' , '2017-08-01','No'"
SBH010613,BER,2017-08-01,,"insert into ppm_completion_table (asset_number , newPwonumber,oldpwonumber,state ,completiondate ,updated) select  'SBH010613' ,'' , 'BER' , 'SBH010613' , '2017-08-01','No'"
SWK004699,BER,2017-08-01,,"insert into ppm_completion_table (asset_number , newPwonumber,oldpwonumber,state ,completiondate ,updated) select  'SWK004699' ,'' , 'BER' , 'SWK004699' , '2017-08-01','No'"
SWK010265,BER,2017-08-01,,"insert into ppm_completion_table (asset_number , newPwonumber,oldpwonumber,state ,completiondate ,updated) select  'SWK010265' ,'' , 'BER' , 'SWK010265' , '2017-08-01','No'"
SWK004700,BER,2017-08-01,,"insert into ppm_completion_table (asset_number , newPwonumber,oldpwonumber,state ,completiondate ,updated) select  'SWK004700' ,'' , 'BER' , 'SWK004700' , '2017-08-01','No'"
SWK004705,BER,2017-08-01,,"insert into ppm_completion_table (asset_number , newPwonumber,oldpwonumber,state ,completiondate ,updated) select  'SWK004705' ,'' , 'BER' , 'SWK004705' , '2017-08-01','No'"
SWK004798,BER,2017-08-01,PWO295619,"insert into ppm_completion_table (asset_number , newPwonumber,oldpwonumber,state ,completiondate ,updated) select  'SWK004798' ,'PWO295619' , 'BER' , 'SWK004798' , '2017-08-01','No'"
SWK010564,BER,2017-08-01,PWO295616,"insert into ppm_completion_table (asset_number , newPwonumber,oldpwonumber,state ,completiondate ,updated) select  'SWK010564' ,'PWO295616' , 'BER' , 'SWK010564' , '2017-08-01','No'"
SWK010597,BER,2017-08-01,,"insert into ppm_completion_table (asset_number , newPwonumber,oldpwonumber,state ,completiondate ,updated) select  'SWK010597' ,'' , 'BER' , 'SWK010597' , '2017-08-01','No'"
SWK000842,BER,2017-08-01,,"insert into ppm_completion_table (asset_number , newPwonumber,oldpwonumber,state ,completiondate ,updated) select  'SWK000842' ,'' , 'BER' , 'SWK000842' , '2017-08-01','No'"
SWK000129,BER,2017-08-01,,"insert into ppm_completion_table (asset_number , newPwonumber,oldpwonumber,state ,completiondate ,updated) select  'SWK000129' ,'' , 'BER' , 'SWK000129' , '2017-08-01','No'"
SWK000867,BER,2017-08-01,,"insert into ppm_completion_table (asset_number , newPwonumber,oldpwonumber,state ,completiondate ,updated) select  'SWK000867' ,'' , 'BER' , 'SWK000867' , '2017-08-01','No'"
SWK001116,BER,2017-08-01,,"insert into ppm_completion_table (asset_number , newPwonumber,oldpwonumber,state ,completiondate ,updated) select  'SWK001116' ,'' , 'BER' , 'SWK001116' , '2017-08-01','No'"
SWK000149,BER,2017-08-01,,"insert into ppm_completion_table (asset_number , newPwonumber,oldpwonumber,state ,completiondate ,updated) select  'SWK000149' ,'' , 'BER' , 'SWK000149' , '2017-08-01','No'"
SWK000863,BER,2017-08-01,,"insert into ppm_completion_table (asset_number , newPwonumber,oldpwonumber,state ,completiondate ,updated) select  'SWK000863' ,'' , 'BER' , 'SWK000863' , '2017-08-01','No'"
SWK013595,BER,2017-08-01,,"insert into ppm_completion_table (asset_number , newPwonumber,oldpwonumber,state ,completiondate ,updated) select  'SWK013595' ,'' , 'BER' , 'SWK013595' , '2017-08-01','No'"
SWK000142,BER,2017-08-01,PWO271294,"insert into ppm_completion_table (asset_number , newPwonumber,oldpwonumber,state ,completiondate ,updated) select  'SWK000142' ,'PWO271294' , 'BER' , 'SWK000142' , '2017-08-01','No'"
SWK007152,BER,2017-08-01,,"insert into ppm_completion_table (asset_number , newPwonumber,oldpwonumber,state ,completiondate ,updated) select  'SWK007152' ,'' , 'BER' , 'SWK007152' , '2017-08-01','No'"
SWK000862,BER,2017-08-01,,"insert into ppm_completion_table (asset_number , newPwonumber,oldpwonumber,state ,completiondate ,updated) select  'SWK000862' ,'' , 'BER' , 'SWK000862' , '2017-08-01','No'"
SWK006529,BER,2017-08-01,,"insert into ppm_completion_table (asset_number , newPwonumber,oldpwonumber,state ,completiondate ,updated) select  'SWK006529' ,'' , 'BER' , 'SWK006529' , '2017-08-01','No'"
SWK006530,BER,2017-08-01,,"insert into ppm_completion_table (asset_number , newPwonumber,oldpwonumber,state ,completiondate ,updated) select  'SWK006530' ,'' , 'BER' , 'SWK006530' , '2017-08-01','No'"
SWK006238,BER,2017-08-01,,"insert into ppm_completion_table (asset_number , newPwonumber,oldpwonumber,state ,completiondate ,updated) select  'SWK006238' ,'' , 'BER' , 'SWK006238' , '2017-08-01','No'"
SWK006249,BER,2017-08-01,,"insert into ppm_completion_table (asset_number , newPwonumber,oldpwonumber,state ,completiondate ,updated) select  'SWK006249' ,'' , 'BER' , 'SWK006249' , '2017-08-01','No'"
SWK013839,BER,2017-08-01,PWO272708,"insert into ppm_completion_table (asset_number , newPwonumber,oldpwonumber,state ,completiondate ,updated) select  'SWK013839' ,'PWO272708' , 'BER' , 'SWK013839' , '2017-08-01','No'"
PRK013080,BER,2017-08-01,PWO259383,"insert into ppm_completion_table (asset_number , newPwonumber,oldpwonumber,state ,completiondate ,updated) select  'PRK013080' ,'PWO259383' , 'BER' , 'PRK013080' , '2017-08-01','No'"
PRK004884,BER,2017-08-01,,"insert into ppm_completion_table (asset_number , newPwonumber,oldpwonumber,state ,completiondate ,updated) select  'PRK004884' ,'' , 'BER' , 'PRK004884' , '2017-08-01','No'"
PRK013533,BER,2017-08-01,PWO251872,"insert into ppm_completion_table (asset_number , newPwonumber,oldpwonumber,state ,completiondate ,updated) select  'PRK013533' ,'PWO251872' , 'BER' , 'PRK013533' , '2017-08-01','No'"
PRK013521,BER,2017-08-01,PWO251746,"insert into ppm_completion_table (asset_number , newPwonumber,oldpwonumber,state ,completiondate ,updated) select  'PRK013521' ,'PWO251746' , 'BER' , 'PRK013521' , '2017-08-01','No'"
PRK012094,BER,2017-08-01,PWO251853,"insert into ppm_completion_table (asset_number , newPwonumber,oldpwonumber,state ,completiondate ,updated) select  'PRK012094' ,'PWO251853' , 'BER' , 'PRK012094' , '2017-08-01','No'"
PRK012070,BER,2017-08-01,PWO251651,"insert into ppm_completion_table (asset_number , newPwonumber,oldpwonumber,state ,completiondate ,updated) select  'PRK012070' ,'PWO251651' , 'BER' , 'PRK012070' , '2017-08-01','No'"
PRK012074,BER,2017-08-01,PWO251786,"insert into ppm_completion_table (asset_number , newPwonumber,oldpwonumber,state ,completiondate ,updated) select  'PRK012074' ,'PWO251786' , 'BER' , 'PRK012074' , '2017-08-01','No'"
PRK012047,BER,2017-08-01,PWO251284,"insert into ppm_completion_table (asset_number , newPwonumber,oldpwonumber,state ,completiondate ,updated) select  'PRK012047' ,'PWO251284' , 'BER' , 'PRK012047' , '2017-08-01','No'"
PRK006086,BER,2017-08-01,PWO257569,"insert into ppm_completion_table (asset_number , newPwonumber,oldpwonumber,state ,completiondate ,updated) select  'PRK006086' ,'PWO257569' , 'BER' , 'PRK006086' , '2017-08-01','No'"
PRK007423,BER,2017-08-01,PWO257540,"insert into ppm_completion_table (asset_number , newPwonumber,oldpwonumber,state ,completiondate ,updated) select  'PRK007423' ,'PWO257540' , 'BER' , 'PRK007423' , '2017-08-01','No'"
PRK006006,BER,2017-08-01,PWO257824,"insert into ppm_completion_table (asset_number , newPwonumber,oldpwonumber,state ,completiondate ,updated) select  'PRK006006' ,'PWO257824' , 'BER' , 'PRK006006' , '2017-08-01','No'"
PRK006095,BER,2017-08-01,PWO258417,"insert into ppm_completion_table (asset_number , newPwonumber,oldpwonumber,state ,completiondate ,updated) select  'PRK006095' ,'PWO258417' , 'BER' , 'PRK006095' , '2017-08-01','No'"
PRK006332,BER,2017-08-01,PWO256251,"insert into ppm_completion_table (asset_number , newPwonumber,oldpwonumber,state ,completiondate ,updated) select  'PRK006332' ,'PWO256251' , 'BER' , 'PRK006332' , '2017-08-01','No'"
PRK011467,BER,2017-08-01,PWO294175,"insert into ppm_completion_table (asset_number , newPwonumber,oldpwonumber,state ,completiondate ,updated) select  'PRK011467' ,'PWO294175' , 'BER' , 'PRK011467' , '2017-08-01','No'"
JHR002491,BER,2017-08-01,PWO278896,"insert into ppm_completion_table (asset_number , newPwonumber,oldpwonumber,state ,completiondate ,updated) select  'JHR002491' ,'PWO278896' , 'BER' , 'JHR002491' , '2017-08-01','No'"
JHR012370,BER,2017-08-01,PWO281244,"insert into ppm_completion_table (asset_number , newPwonumber,oldpwonumber,state ,completiondate ,updated) select  'JHR012370' ,'PWO281244' , 'BER' , 'JHR012370' , '2017-08-01','No'"
JHR012371,BER,2017-08-01,PWO280452,"insert into ppm_completion_table (asset_number , newPwonumber,oldpwonumber,state ,completiondate ,updated) select  'JHR012371' ,'PWO280452' , 'BER' , 'JHR012371' , '2017-08-01','No'"
JHR012372,BER,2017-08-01,PWO281729,"insert into ppm_completion_table (asset_number , newPwonumber,oldpwonumber,state ,completiondate ,updated) select  'JHR012372' ,'PWO281729' , 'BER' , 'JHR012372' , '2017-08-01','No'"
JHR012373,BER,2017-08-01,PWO281389,"insert into ppm_completion_table (asset_number , newPwonumber,oldpwonumber,state ,completiondate ,updated) select  'JHR012373' ,'PWO281389' , 'BER' , 'JHR012373' , '2017-08-01','No'"
JHR012375,BER,2017-08-01,PWO281183,"insert into ppm_completion_table (asset_number , newPwonumber,oldpwonumber,state ,completiondate ,updated) select  'JHR012375' ,'PWO281183' , 'BER' , 'JHR012375' , '2017-08-01','No'"
JHR012376,BER,2017-08-01,PWO280488,"insert into ppm_completion_table (asset_number , newPwonumber,oldpwonumber,state ,completiondate ,updated) select  'JHR012376' ,'PWO280488' , 'BER' , 'JHR012376' , '2017-08-01','No'"
JHR012377,BER,2017-08-01,PWO281552,"insert into ppm_completion_table (asset_number , newPwonumber,oldpwonumber,state ,completiondate ,updated) select  'JHR012377' ,'PWO281552' , 'BER' , 'JHR012377' , '2017-08-01','No'"
JHR012378,BER,2017-08-01,PWO284253,"insert into ppm_completion_table (asset_number , newPwonumber,oldpwonumber,state ,completiondate ,updated) select  'JHR012378' ,'PWO284253' , 'BER' , 'JHR012378' , '2017-08-01','No'"
JHR012178,BER,2017-08-01,PWO280060,"insert into ppm_completion_table (asset_number , newPwonumber,oldpwonumber,state ,completiondate ,updated) select  'JHR012178' ,'PWO280060' , 'BER' , 'JHR012178' , '2017-08-01','No'"
JHR012310,BER,2017-08-01,PWO281202,"insert into ppm_completion_table (asset_number , newPwonumber,oldpwonumber,state ,completiondate ,updated) select  'JHR012310' ,'PWO281202' , 'BER' , 'JHR012310' , '2017-08-01','No'"
JHR012314,BER,2017-08-01,PWO281081,"insert into ppm_completion_table (asset_number , newPwonumber,oldpwonumber,state ,completiondate ,updated) select  'JHR012314' ,'PWO281081' , 'BER' , 'JHR012314' , '2017-08-01','No'"
JHR012330,BER,2017-08-01,PWO281114,"insert into ppm_completion_table (asset_number , newPwonumber,oldpwonumber,state ,completiondate ,updated) select  'JHR012330' ,'PWO281114' , 'BER' , 'JHR012330' , '2017-08-01','No'"
JHR012335,BER,2017-08-01,PWO284040,"insert into ppm_completion_table (asset_number , newPwonumber,oldpwonumber,state ,completiondate ,updated) select  'JHR012335' ,'PWO284040' , 'BER' , 'JHR012335' , '2017-08-01','No'"
JHR012364,BER,2017-08-01,PWO281388,"insert into ppm_completion_table (asset_number , newPwonumber,oldpwonumber,state ,completiondate ,updated) select  'JHR012364' ,'PWO281388' , 'BER' , 'JHR012364' , '2017-08-01','No'"
JHR012475,BER,2017-08-01,PWO281092,"insert into ppm_completion_table (asset_number , newPwonumber,oldpwonumber,state ,completiondate ,updated) select  'JHR012475' ,'PWO281092' , 'BER' , 'JHR012475' , '2017-08-01','No'"
JHR003168,BER,2017-08-01,PWO284091,"insert into ppm_completion_table (asset_number , newPwonumber,oldpwonumber,state ,completiondate ,updated) select  'JHR003168' ,'PWO284091' , 'BER' , 'JHR003168' , '2017-08-01','No'"
JHR011136,BER,2017-08-01,PWO282617,"insert into ppm_completion_table (asset_number , newPwonumber,oldpwonumber,state ,completiondate ,updated) select  'JHR011136' ,'PWO282617' , 'BER' , 'JHR011136' , '2017-08-01','No'"
JHR008951,BER,2017-08-01,PWO278004,"insert into ppm_completion_table (asset_number , newPwonumber,oldpwonumber,state ,completiondate ,updated) select  'JHR008951' ,'PWO278004' , 'BER' , 'JHR008951' , '2017-08-01','No'"
JHR009365,BER,2017-08-01,PWO281891,"insert into ppm_completion_table (asset_number , newPwonumber,oldpwonumber,state ,completiondate ,updated) select  'JHR009365' ,'PWO281891' , 'BER' , 'JHR009365' , '2017-08-01','No'"
JHR014595,BER,2017-08-01,PWO278492,"insert into ppm_completion_table (asset_number , newPwonumber,oldpwonumber,state ,completiondate ,updated) select  'JHR014595' ,'PWO278492' , 'BER' , 'JHR014595' , '2017-08-01','No'"
JHR008010,BER,2017-08-01,PWO278378,"insert into ppm_completion_table (asset_number , newPwonumber,oldpwonumber,state ,completiondate ,updated) select  'JHR008010' ,'PWO278378' , 'BER' , 'JHR008010' , '2017-08-01','No'"
JHR014008,BER,2017-08-01,PWO279052,"insert into ppm_completion_table (asset_number , newPwonumber,oldpwonumber,state ,completiondate ,updated) select  'JHR014008' ,'PWO279052' , 'BER' , 'JHR014008' , '2017-08-01','No'"
JHR008029,BER,2017-08-01,PWO278655,"insert into ppm_completion_table (asset_number , newPwonumber,oldpwonumber,state ,completiondate ,updated) select  'JHR008029' ,'PWO278655' , 'BER' , 'JHR008029' , '2017-08-01','No'"
JHR009144,BER,2017-08-01,PWO278779,"insert into ppm_completion_table (asset_number , newPwonumber,oldpwonumber,state ,completiondate ,updated) select  'JHR009144' ,'PWO278779' , 'BER' , 'JHR009144' , '2017-08-01','No'"
JHR024328,BER,2017-08-01,PWO277683,"insert into ppm_completion_table (asset_number , newPwonumber,oldpwonumber,state ,completiondate ,updated) select  'JHR024328' ,'PWO277683' , 'BER' , 'JHR024328' , '2017-08-01','No'"
JHR010147,BER,2017-08-01,PWO278093,"insert into ppm_completion_table (asset_number , newPwonumber,oldpwonumber,state ,completiondate ,updated) select  'JHR010147' ,'PWO278093' , 'BER' , 'JHR010147' , '2017-08-01','No'"
JHR008946,BER,2017-08-01,PWO278336,"insert into ppm_completion_table (asset_number , newPwonumber,oldpwonumber,state ,completiondate ,updated) select  'JHR008946' ,'PWO278336' , 'BER' , 'JHR008946' , '2017-08-01','No'"
JHR009820,BER,2017-08-01,PWO278616,"insert into ppm_completion_table (asset_number , newPwonumber,oldpwonumber,state ,completiondate ,updated) select  'JHR009820' ,'PWO278616' , 'BER' , 'JHR009820' , '2017-08-01','No'"
JHR024286,BER,2017-08-01,PWO278118,"insert into ppm_completion_table (asset_number , newPwonumber,oldpwonumber,state ,completiondate ,updated) select  'JHR024286' ,'PWO278118' , 'BER' , 'JHR024286' , '2017-08-01','No'"
JHR008244,BER,2017-08-01,PWO278030,"insert into ppm_completion_table (asset_number , newPwonumber,oldpwonumber,state ,completiondate ,updated) select  'JHR008244' ,'PWO278030' , 'BER' , 'JHR008244' , '2017-08-01','No'"
JHR008465,BER,2017-08-01,PWO284629,"insert into ppm_completion_table (asset_number , newPwonumber,oldpwonumber,state ,completiondate ,updated) select  'JHR008465' ,'PWO284629' , 'BER' , 'JHR008465' , '2017-08-01','No'"
JHR000311,BER,2017-08-01,PWO284604,"insert into ppm_completion_table (asset_number , newPwonumber,oldpwonumber,state ,completiondate ,updated) select  'JHR000311' ,'PWO284604' , 'BER' , 'JHR000311' , '2017-08-01','No'"
JHR008501,BER,2017-08-01,PWO283503,"insert into ppm_completion_table (asset_number , newPwonumber,oldpwonumber,state ,completiondate ,updated) select  'JHR008501' ,'PWO283503' , 'BER' , 'JHR008501' , '2017-08-01','No'"
JHR008497,BER,2017-08-01,PWO283698,"insert into ppm_completion_table (asset_number , newPwonumber,oldpwonumber,state ,completiondate ,updated) select  'JHR008497' ,'PWO283698' , 'BER' , 'JHR008497' , '2017-08-01','No'"
JHR008502,BER,2017-08-01,PWO282535,"insert into ppm_completion_table (asset_number , newPwonumber,oldpwonumber,state ,completiondate ,updated) select  'JHR008502' ,'PWO282535' , 'BER' , 'JHR008502' , '2017-08-01','No'"
JHR008302,BER,2017-08-01,PWO279210,"insert into ppm_completion_table (asset_number , newPwonumber,oldpwonumber,state ,completiondate ,updated) select  'JHR008302' ,'PWO279210' , 'BER' , 'JHR008302' , '2017-08-01','No'"
JHR008560,BER,2017-08-01,PWO278628,"insert into ppm_completion_table (asset_number , newPwonumber,oldpwonumber,state ,completiondate ,updated) select  'JHR008560' ,'PWO278628' , 'BER' , 'JHR008560' , '2017-08-01','No'"
JHR023382,BER,2017-08-01,PWO284084,"insert into ppm_completion_table (asset_number , newPwonumber,oldpwonumber,state ,completiondate ,updated) select  'JHR023382' ,'PWO284084' , 'BER' , 'JHR023382' , '2017-08-01','No'"
JHR023387,BER,2017-08-01,PWO282803,"insert into ppm_completion_table (asset_number , newPwonumber,oldpwonumber,state ,completiondate ,updated) select  'JHR023387' ,'PWO282803' , 'BER' , 'JHR023387' , '2017-08-01','No'"
JHR005098,BER,2017-08-01,,"insert into ppm_completion_table (asset_number , newPwonumber,oldpwonumber,state ,completiondate ,updated) select  'JHR005098' ,'' , 'BER' , 'JHR005098' , '2017-08-01','No'"
JHR004381,BER,2017-08-01,,"insert into ppm_completion_table (asset_number , newPwonumber,oldpwonumber,state ,completiondate ,updated) select  'JHR004381' ,'' , 'BER' , 'JHR004381' , '2017-08-01','No'"
JHR005330,BER,2017-08-01,,"insert into ppm_completion_table (asset_number , newPwonumber,oldpwonumber,state ,completiondate ,updated) select  'JHR005330' ,'' , 'BER' , 'JHR005330' , '2017-08-01','No'"
JHR023366,BER,2017-08-01,,"insert into ppm_completion_table (asset_number , newPwonumber,oldpwonumber,state ,completiondate ,updated) select  'JHR023366' ,'' , 'BER' , 'JHR023366' , '2017-08-01','No'"
JHR010601,BER,2017-08-01,PWO282943,"insert into ppm_completion_table (asset_number , newPwonumber,oldpwonumber,state ,completiondate ,updated) select  'JHR010601' ,'PWO282943' , 'BER' , 'JHR010601' , '2017-08-01','No'"
JHR010472,BER,2017-08-01,PWO284474,"insert into ppm_completion_table (asset_number , newPwonumber,oldpwonumber,state ,completiondate ,updated) select  'JHR010472' ,'PWO284474' , 'BER' , 'JHR010472' , '2017-08-01','No'"
JHR010642,BER,2017-08-01,PWO284437,"insert into ppm_completion_table (asset_number , newPwonumber,oldpwonumber,state ,completiondate ,updated) select  'JHR010642' ,'PWO284437' , 'BER' , 'JHR010642' , '2017-08-01','No'"
JHR015608,BER,2017-08-01,PWO282290,"insert into ppm_completion_table (asset_number , newPwonumber,oldpwonumber,state ,completiondate ,updated) select  'JHR015608' ,'PWO282290' , 'BER' , 'JHR015608' , '2017-08-01','No'"
JHR015791,BER,2017-08-01,PWO283529,"insert into ppm_completion_table (asset_number , newPwonumber,oldpwonumber,state ,completiondate ,updated) select  'JHR015791' ,'PWO283529' , 'BER' , 'JHR015791' , '2017-08-01','No'"
JHR021111,BER,2017-08-01,PWO296184,"insert into ppm_completion_table (asset_number , newPwonumber,oldpwonumber,state ,completiondate ,updated) select  'JHR021111' ,'PWO296184' , 'BER' , 'JHR021111' , '2017-08-01','No'"
JHR025536,BER,2017-08-01,,"insert into ppm_completion_table (asset_number , newPwonumber,oldpwonumber,state ,completiondate ,updated) select  'JHR025536' ,'' , 'BER' , 'JHR025536' , '2017-08-01','No'"
JHR006499,BER,2017-08-01,,"insert into ppm_completion_table (asset_number , newPwonumber,oldpwonumber,state ,completiondate ,updated) select  'JHR006499' ,'' , 'BER' , 'JHR006499' , '2017-08-01','No'"
MLK005890,BER,2017-08-01,PWO297586,"insert into ppm_completion_table (asset_number , newPwonumber,oldpwonumber,state ,completiondate ,updated) select  'MLK005890' ,'PWO297586' , 'BER' , 'MLK005890' , '2017-08-01','No'"
MLK023237,BER,2017-08-01,PWO234617,"insert into ppm_completion_table (asset_number , newPwonumber,oldpwonumber,state ,completiondate ,updated) select  'MLK023237' ,'PWO234617' , 'BER' , 'MLK023237' , '2017-08-01','No'"
MLK004657,BER,2017-08-01,PWO234832,"insert into ppm_completion_table (asset_number , newPwonumber,oldpwonumber,state ,completiondate ,updated) select  'MLK004657' ,'PWO234832' , 'BER' , 'MLK004657' , '2017-08-01','No'"
MLK005149,BER,2017-08-01,PWO234210,"insert into ppm_completion_table (asset_number , newPwonumber,oldpwonumber,state ,completiondate ,updated) select  'MLK005149' ,'PWO234210' , 'BER' , 'MLK005149' , '2017-08-01','No'"
MLK004407,BER,2017-08-01,,"insert into ppm_completion_table (asset_number , newPwonumber,oldpwonumber,state ,completiondate ,updated) select  'MLK004407' ,'' , 'BER' , 'MLK004407' , '2017-08-01','No'"
MLK004340,BER,2017-08-01,PWO298010,"insert into ppm_completion_table (asset_number , newPwonumber,oldpwonumber,state ,completiondate ,updated) select  'MLK004340' ,'PWO298010' , 'BER' , 'MLK004340' , '2017-08-01','No'"
MLK023087,BER,2017-08-01,PWO236833,"insert into ppm_completion_table (asset_number , newPwonumber,oldpwonumber,state ,completiondate ,updated) select  'MLK023087' ,'PWO236833' , 'BER' , 'MLK023087' , '2017-08-01','No'"
NSB006479,BER,2017-08-01,PWO240869,"insert into ppm_completion_table (asset_number , newPwonumber,oldpwonumber,state ,completiondate ,updated) select  'NSB006479' ,'PWO240869' , 'BER' , 'NSB006479' , '2017-08-01','No'"
NSB006480,BER,2017-08-01,PWO240533,"insert into ppm_completion_table (asset_number , newPwonumber,oldpwonumber,state ,completiondate ,updated) select  'NSB006480' ,'PWO240533' , 'BER' , 'NSB006480' , '2017-08-01','No'"
NSB006482,BER,2017-08-01,PWO241138,"insert into ppm_completion_table (asset_number , newPwonumber,oldpwonumber,state ,completiondate ,updated) select  'NSB006482' ,'PWO241138' , 'BER' , 'NSB006482' , '2017-08-01','No'"
NSB006490,BER,2017-08-01,PWO240305,"insert into ppm_completion_table (asset_number , newPwonumber,oldpwonumber,state ,completiondate ,updated) select  'NSB006490' ,'PWO240305' , 'BER' , 'NSB006490' , '2017-08-01','No'"
NSB006491,BER,2017-08-01,PWO241149,"insert into ppm_completion_table (asset_number , newPwonumber,oldpwonumber,state ,completiondate ,updated) select  'NSB006491' ,'PWO241149' , 'BER' , 'NSB006491' , '2017-08-01','No'"
NSB006492,BER,2017-08-01,PWO240306,"insert into ppm_completion_table (asset_number , newPwonumber,oldpwonumber,state ,completiondate ,updated) select  'NSB006492' ,'PWO240306' , 'BER' , 'NSB006492' , '2017-08-01','No'"
NSB006493,BER,2017-08-01,PWO240445,"insert into ppm_completion_table (asset_number , newPwonumber,oldpwonumber,state ,completiondate ,updated) select  'NSB006493' ,'PWO240445' , 'BER' , 'NSB006493' , '2017-08-01','No'"
NSB006494,BER,2017-08-01,PWO240310,"insert into ppm_completion_table (asset_number , newPwonumber,oldpwonumber,state ,completiondate ,updated) select  'NSB006494' ,'PWO240310' , 'BER' , 'NSB006494' , '2017-08-01','No'"
NSB006507,BER,2017-08-01,PWO240271,"insert into ppm_completion_table (asset_number , newPwonumber,oldpwonumber,state ,completiondate ,updated) select  'NSB006507' ,'PWO240271' , 'BER' , 'NSB006507' , '2017-08-01','No'"
NSB007021,BER,2017-08-01,PWO240345,"insert into ppm_completion_table (asset_number , newPwonumber,oldpwonumber,state ,completiondate ,updated) select  'NSB007021' ,'PWO240345' , 'BER' , 'NSB007021' , '2017-08-01','No'"
NSB007023,BER,2017-08-01,PWO240339,"insert into ppm_completion_table (asset_number , newPwonumber,oldpwonumber,state ,completiondate ,updated) select  'NSB007023' ,'PWO240339' , 'BER' , 'NSB007023' , '2017-08-01','No'"
NSB006937,BER,2017-08-01,PWO238420,"insert into ppm_completion_table (asset_number , newPwonumber,oldpwonumber,state ,completiondate ,updated) select  'NSB006937' ,'PWO238420' , 'BER' , 'NSB006937' , '2017-08-01','No'"
NSB006931,BER,2017-08-01,PWO237626,"insert into ppm_completion_table (asset_number , newPwonumber,oldpwonumber,state ,completiondate ,updated) select  'NSB006931' ,'PWO237626' , 'BER' , 'NSB006931' , '2017-08-01','No'"
NSB005887,BER,2017-08-01,PWO237743,"insert into ppm_completion_table (asset_number , newPwonumber,oldpwonumber,state ,completiondate ,updated) select  'NSB005887' ,'PWO237743' , 'BER' , 'NSB005887' , '2017-08-01','No'"
NSB005893,BER,2017-08-01,PWO237929,"insert into ppm_completion_table (asset_number , newPwonumber,oldpwonumber,state ,completiondate ,updated) select  'NSB005893' ,'PWO237929' , 'BER' , 'NSB005893' , '2017-08-01','No'"
NSB004892,BER,2017-08-01,PWO238284,"insert into ppm_completion_table (asset_number , newPwonumber,oldpwonumber,state ,completiondate ,updated) select  'NSB004892' ,'PWO238284' , 'BER' , 'NSB004892' , '2017-08-01','No'"
NSB006901,BER,2017-08-01,PWO238143,"insert into ppm_completion_table (asset_number , newPwonumber,oldpwonumber,state ,completiondate ,updated) select  'NSB006901' ,'PWO238143' , 'BER' , 'NSB006901' , '2017-08-01','No'"
NSB006554,BER,2017-08-01,PWO239741,"insert into ppm_completion_table (asset_number , newPwonumber,oldpwonumber,state ,completiondate ,updated) select  'NSB006554' ,'PWO239741' , 'BER' , 'NSB006554' , '2017-08-01','No'"
NSB006555,BER,2017-08-01,PWO237946,"insert into ppm_completion_table (asset_number , newPwonumber,oldpwonumber,state ,completiondate ,updated) select  'NSB006555' ,'PWO237946' , 'BER' , 'NSB006555' , '2017-08-01','No'"
NSB005842,BER,2017-08-01,PWO237641,"insert into ppm_completion_table (asset_number , newPwonumber,oldpwonumber,state ,completiondate ,updated) select  'NSB005842' ,'PWO237641' , 'BER' , 'NSB005842' , '2017-08-01','No'"
NSB005802,BER,2017-08-01,PWO237711,"insert into ppm_completion_table (asset_number , newPwonumber,oldpwonumber,state ,completiondate ,updated) select  'NSB005802' ,'PWO237711' , 'BER' , 'NSB005802' , '2017-08-01','No'"
NSB005813,BER,2017-08-01,PWO237925,"insert into ppm_completion_table (asset_number , newPwonumber,oldpwonumber,state ,completiondate ,updated) select  'NSB005813' ,'PWO237925' , 'BER' , 'NSB005813' , '2017-08-01','No'"
NSB005812,BER,2017-08-01,PWO237684,"insert into ppm_completion_table (asset_number , newPwonumber,oldpwonumber,state ,completiondate ,updated) select  'NSB005812' ,'PWO237684' , 'BER' , 'NSB005812' , '2017-08-01','No'"
NSB006914,BER,2017-08-01,PWO238139,"insert into ppm_completion_table (asset_number , newPwonumber,oldpwonumber,state ,completiondate ,updated) select  'NSB006914' ,'PWO238139' , 'BER' , 'NSB006914' , '2017-08-01','No'"
NSB009563,BER,2017-08-01,PWO238197,"insert into ppm_completion_table (asset_number , newPwonumber,oldpwonumber,state ,completiondate ,updated) select  'NSB009563' ,'PWO238197' , 'BER' , 'NSB009563' , '2017-08-01','No'"
NSB004962,BER,2017-08-01,PWO238054,"insert into ppm_completion_table (asset_number , newPwonumber,oldpwonumber,state ,completiondate ,updated) select  'NSB004962' ,'PWO238054' , 'BER' , 'NSB004962' , '2017-08-01','No'"
NSB007040,BER,2017-08-01,PWO237875,"insert into ppm_completion_table (asset_number , newPwonumber,oldpwonumber,state ,completiondate ,updated) select  'NSB007040' ,'PWO237875' , 'BER' , 'NSB007040' , '2017-08-01','No'"
NSB007047,BER,2017-08-01,PWO237968,"insert into ppm_completion_table (asset_number , newPwonumber,oldpwonumber,state ,completiondate ,updated) select  'NSB007047' ,'PWO237968' , 'BER' , 'NSB007047' , '2017-08-01','No'"
NSB006564,BER,2017-08-01,PWO237953,"insert into ppm_completion_table (asset_number , newPwonumber,oldpwonumber,state ,completiondate ,updated) select  'NSB006564' ,'PWO237953' , 'BER' , 'NSB006564' , '2017-08-01','No'"
NSB008111,BER,2017-08-01,,"insert into ppm_completion_table (asset_number , newPwonumber,oldpwonumber,state ,completiondate ,updated) select  'NSB008111' ,'' , 'BER' , 'NSB008111' , '2017-08-01','No'"
NSB003723,BER,2017-08-01,PWO241092,"insert into ppm_completion_table (asset_number , newPwonumber,oldpwonumber,state ,completiondate ,updated) select  'NSB003723' ,'PWO241092' , 'BER' , 'NSB003723' , '2017-08-01','No'"
NSB002101,BER,2017-08-01,,"insert into ppm_completion_table (asset_number , newPwonumber,oldpwonumber,state ,completiondate ,updated) select  'NSB002101' ,'' , 'BER' , 'NSB002101' , '2017-08-01','No'"
NSB001753,BER,2017-08-01,PWO293137,"insert into ppm_completion_table (asset_number , newPwonumber,oldpwonumber,state ,completiondate ,updated) select  'NSB001753' ,'PWO293137' , 'BER' , 'NSB001753' , '2017-08-01','No'"
NSB001042,BER,2017-08-01,PWO241634,"insert into ppm_completion_table (asset_number , newPwonumber,oldpwonumber,state ,completiondate ,updated) select  'NSB001042' ,'PWO241634' , 'BER' , 'NSB001042' , '2017-08-01','No'"
NSB002491,BER,2017-08-01,PWO241417,"insert into ppm_completion_table (asset_number , newPwonumber,oldpwonumber,state ,completiondate ,updated) select  'NSB002491' ,'PWO241417' , 'BER' , 'NSB002491' , '2017-08-01','No'"
NSB004490,BER,2017-08-01,,"insert into ppm_completion_table (asset_number , newPwonumber,oldpwonumber,state ,completiondate ,updated) select  'NSB004490' ,'' , 'BER' , 'NSB004490' , '2017-08-01','No'"
NSB005491,BER,2017-08-01,,"insert into ppm_completion_table (asset_number , newPwonumber,oldpwonumber,state ,completiondate ,updated) select  'NSB005491' ,'' , 'BER' , 'NSB005491' , '2017-08-01','No'"
NSB005276,BER,2017-08-01,,"insert into ppm_completion_table (asset_number , newPwonumber,oldpwonumber,state ,completiondate ,updated) select  'NSB005276' ,'' , 'BER' , 'NSB005276' , '2017-08-01','No'"
NSB005736,BER,2017-08-01,,"insert into ppm_completion_table (asset_number , newPwonumber,oldpwonumber,state ,completiondate ,updated) select  'NSB005736' ,'' , 'BER' , 'NSB005736' , '2017-08-01','No'"
NSB005663,BER,2017-08-01,,"insert into ppm_completion_table (asset_number , newPwonumber,oldpwonumber,state ,completiondate ,updated) select  'NSB005663' ,'' , 'BER' , 'NSB005663' , '2017-08-01','No'"
NSB002860,BER,2017-08-01,PWO239119,"insert into ppm_completion_table (asset_number , newPwonumber,oldpwonumber,state ,completiondate ,updated) select  'NSB002860' ,'PWO239119' , 'BER' , 'NSB002860' , '2017-08-01','No'"
NSB009297,BER,2017-08-01,,"insert into ppm_completion_table (asset_number , newPwonumber,oldpwonumber,state ,completiondate ,updated) select  'NSB009297' ,'' , 'BER' , 'NSB009297' , '2017-08-01','No'"
SLR007987,BER,2017-08-01,PWO287274,"insert into ppm_completion_table (asset_number , newPwonumber,oldpwonumber,state ,completiondate ,updated) select  'SLR007987' ,'PWO287274' , 'BER' , 'SLR007987' , '2017-08-01','No'"
SLR008941,BER,2017-08-01,PWO287667,"insert into ppm_completion_table (asset_number , newPwonumber,oldpwonumber,state ,completiondate ,updated) select  'SLR008941' ,'PWO287667' , 'BER' , 'SLR008941' , '2017-08-01','No'"
SLR008949,BER,2017-08-01,PWO287829,"insert into ppm_completion_table (asset_number , newPwonumber,oldpwonumber,state ,completiondate ,updated) select  'SLR008949' ,'PWO287829' , 'BER' , 'SLR008949' , '2017-08-01','No'"
WKL001315,BER,2017-08-01,,"insert into ppm_completion_table (asset_number , newPwonumber,oldpwonumber,state ,completiondate ,updated) select  'WKL001315' ,'' , 'BER' , 'WKL001315' , '2017-08-01','No'"
WKL001316,BER,2017-08-01,,"insert into ppm_completion_table (asset_number , newPwonumber,oldpwonumber,state ,completiondate ,updated) select  'WKL001316' ,'' , 'BER' , 'WKL001316' , '2017-08-01','No'"
WKL001317,BER,2017-08-01,,"insert into ppm_completion_table (asset_number , newPwonumber,oldpwonumber,state ,completiondate ,updated) select  'WKL001317' ,'' , 'BER' , 'WKL001317' , '2017-08-01','No'"
WKL001318,BER,2017-08-01,,"insert into ppm_completion_table (asset_number , newPwonumber,oldpwonumber,state ,completiondate ,updated) select  'WKL001318' ,'' , 'BER' , 'WKL001318' , '2017-08-01','No'"
WKL001319,BER,2017-08-01,,"insert into ppm_completion_table (asset_number , newPwonumber,oldpwonumber,state ,completiondate ,updated) select  'WKL001319' ,'' , 'BER' , 'WKL001319' , '2017-08-01','No'"
WKL001320,BER,2017-08-01,,"insert into ppm_completion_table (asset_number , newPwonumber,oldpwonumber,state ,completiondate ,updated) select  'WKL001320' ,'' , 'BER' , 'WKL001320' , '2017-08-01','No'"
WKL001321,BER,2017-08-01,,"insert into ppm_completion_table (asset_number , newPwonumber,oldpwonumber,state ,completiondate ,updated) select  'WKL001321' ,'' , 'BER' , 'WKL001321' , '2017-08-01','No'"
WKL001301,BER,2017-08-01,,"insert into ppm_completion_table (asset_number , newPwonumber,oldpwonumber,state ,completiondate ,updated) select  'WKL001301' ,'' , 'BER' , 'WKL001301' , '2017-08-01','No'"
WKL000897,BER,2017-08-01,PWO232085,"insert into ppm_completion_table (asset_number , newPwonumber,oldpwonumber,state ,completiondate ,updated) select  'WKL000897' ,'PWO232085' , 'BER' , 'WKL000897' , '2017-08-01','No'"
WKL023071,BER,2017-08-01,,"insert into ppm_completion_table (asset_number , newPwonumber,oldpwonumber,state ,completiondate ,updated) select  'WKL023071' ,'' , 'BER' , 'WKL023071' , '2017-08-01','No'"
WKL000058,BER,2017-08-01,PWO232035,"insert into ppm_completion_table (asset_number , newPwonumber,oldpwonumber,state ,completiondate ,updated) select  'WKL000058' ,'PWO232035' , 'BER' , 'WKL000058' , '2017-08-01','No'"
WKL000109,BER,2017-08-01,PWO231970,"insert into ppm_completion_table (asset_number , newPwonumber,oldpwonumber,state ,completiondate ,updated) select  'WKL000109' ,'PWO231970' , 'BER' , 'WKL000109' , '2017-08-01','No'"
WKL000111,BER,2017-08-01,PWO232112,"insert into ppm_completion_table (asset_number , newPwonumber,oldpwonumber,state ,completiondate ,updated) select  'WKL000111' ,'PWO232112' , 'BER' , 'WKL000111' , '2017-08-01','No'"
WKL000132,BER,2017-08-01,PWO232681,"insert into ppm_completion_table (asset_number , newPwonumber,oldpwonumber,state ,completiondate ,updated) select  'WKL000132' ,'PWO232681' , 'BER' , 'WKL000132' , '2017-08-01','No'"
WKL000134,BER,2017-08-01,PWO231621,"insert into ppm_completion_table (asset_number , newPwonumber,oldpwonumber,state ,completiondate ,updated) select  'WKL000134' ,'PWO231621' , 'BER' , 'WKL000134' , '2017-08-01','No'"
WKL004088,BER,2017-08-01,PWO233333,"insert into ppm_completion_table (asset_number , newPwonumber,oldpwonumber,state ,completiondate ,updated) select  'WKL004088' ,'PWO233333' , 'BER' , 'WKL004088' , '2017-08-01','No'"
WKL004109,BER,2017-08-01,PWO232343,"insert into ppm_completion_table (asset_number , newPwonumber,oldpwonumber,state ,completiondate ,updated) select  'WKL004109' ,'PWO232343' , 'BER' , 'WKL004109' , '2017-08-01','No'"
WKL004127,BER,2017-08-01,PWO231253,"insert into ppm_completion_table (asset_number , newPwonumber,oldpwonumber,state ,completiondate ,updated) select  'WKL004127' ,'PWO231253' , 'BER' , 'WKL004127' , '2017-08-01','No'"
WKL004128,BER,2017-08-01,PWO231177,"insert into ppm_completion_table (asset_number , newPwonumber,oldpwonumber,state ,completiondate ,updated) select  'WKL004128' ,'PWO231177' , 'BER' , 'WKL004128' , '2017-08-01','No'"
WKL020182,BER,2017-08-01,PWO231725,"insert into ppm_completion_table (asset_number , newPwonumber,oldpwonumber,state ,completiondate ,updated) select  'WKL020182' ,'PWO231725' , 'BER' , 'WKL020182' , '2017-08-01','No'"
WKL023184,BER,2017-08-01,,"insert into ppm_completion_table (asset_number , newPwonumber,oldpwonumber,state ,completiondate ,updated) select  'WKL023184' ,'' , 'BER' , 'WKL023184' , '2017-08-01','No'"
